{"eval/episode_reward/upright_std":91.26154327392578,"eval/walltime":10.231865167617798,"_step":10,"eval/episode_reward/small_control_std":5.621271133422852,"eval/episode_reward/angle_in_bounds_std":0,"_timestamp":1.7585335093965402e+09,"training/v_loss":302.97113037109375,"eval/episode_reward":765.345458984375,"training/walltime":31.711615324020386,"eval/episode_reward/small_control":961.3426513671875,"eval/episode_reward/small_velocity_std":63.551292419433594,"training/total_loss":302.9527587890625,"eval/epoch_eval_time":0.14011526107788086,"eval/sps":913533.6080832281,"eval/episode_reward/centered":913.826416015625,"eval/episode_reward/small_velocity":913.220703125,"num_steps":8847360,"eval/episode_reward/cart_in_bounds_std":0,"training/sps":433081.7441882449,"_runtime":59,"eval/std_episode_length":0,"rollout_video":{"sha256":"da12ac18ad5bb0736c9c123f1bccbd45b0144a16b76db062c2f9628d82483883","size":64943,"path":"media/videos/rollout_video_10_da12ac18ad5bb0736c9c.mp4","_type":"video-file"},"eval/episode_reward/centered_std":46.67363357543945,"_wandb":{"runtime":59},"eval/episode_reward/cart_in_bounds":0,"training/policy_loss":-0.013463063165545464,"eval/episode_reward/angle_in_bounds":0,"eval/avg_episode_length":1000,"training/entropy_loss":-0.004926031455397606,"eval/episode_reward_std":130.23513793945312,"eval/episode_reward/upright":880.7840576171875}