{"training/total_loss":302.9527587890625,"training/policy_loss":-0.013463063165545464,"eval/episode_reward/centered_std":46.67363357543945,"_step":10,"eval/episode_reward/centered":913.826416015625,"training/v_loss":302.97113037109375,"eval/episode_reward/small_velocity_std":63.551292419433594,"eval/walltime":10.183684825897217,"training/walltime":31.644987106323242,"eval/episode_reward_std":130.23513793945312,"eval/episode_reward/angle_in_bounds_std":0,"training/sps":432527.8487198413,"num_steps":8847360,"rollout_video":{"path":"media/videos/rollout_video_10_da12ac18ad5bb0736c9c.mp4","_type":"video-file","sha256":"da12ac18ad5bb0736c9c123f1bccbd45b0144a16b76db062c2f9628d82483883","size":64943},"eval/episode_reward/small_control_std":5.621271133422852,"training/entropy_loss":-0.004926031455397606,"_wandb":{"runtime":59},"eval/episode_reward/upright_std":91.26154327392578,"eval/epoch_eval_time":0.13030409812927246,"eval/episode_reward/small_control":961.3426513671875,"eval/episode_reward/small_velocity":913.220703125,"eval/std_episode_length":0,"eval/sps":982317.5313566377,"eval/episode_reward/cart_in_bounds_std":0,"_timestamp":1.758533868772442e+09,"eval/avg_episode_length":1000,"_runtime":59,"eval/episode_reward":765.345458984375,"eval/episode_reward/cart_in_bounds":0,"eval/episode_reward/upright":880.7840576171875,"eval/episode_reward/angle_in_bounds":0}