{"eval/epoch_eval_time":0.14132070541381836,"eval/episode_reward/cart_in_bounds":0,"training/entropy_loss":0.02688949927687645,"num_steps":61931520,"training/total_loss":0.08613204210996628,"training/walltime":154.36507296562195,"rollout_video":{"sha256":"7b7e6461859032ea6eb1223b0ac55e98f952d1cdf995c33eb6af9b265db21212","size":61983,"path":"media/videos/rollout_video_10_7b7e6461859032ea6eb1.mp4","_type":"video-file"},"training/sps":432341.3167198984,"eval/episode_reward/small_velocity":999.9966430664062,"eval/episode_reward_std":1.1150065660476685,"eval/episode_reward/angle_in_bounds_std":0,"eval/episode_reward/upright_std":0.0026936084032058716,"eval/std_episode_length":0,"eval/episode_reward/centered_std":1.107228398323059,"eval/episode_reward/small_control_std":0.009244057349860668,"eval/episode_reward/cart_in_bounds_std":0,"eval/episode_reward/upright":999.9974975585938,"eval/avg_episode_length":1000,"eval/sps":905741.3039737357,"eval/episode_reward":999.27490234375,"eval/episode_reward/small_velocity_std":0.003462959313765168,"training/policy_loss":-0.00011974239168921486,"training/v_loss":0.059362296015024185,"eval/episode_reward/small_control":999.9393310546875,"eval/walltime":10.24898076057434,"_runtime":182,"_step":10,"eval/episode_reward/angle_in_bounds":0,"_wandb":{"runtime":182},"_timestamp":1.7585346694552321e+09,"eval/episode_reward/centered":999.3450317382812}